Sta_ID	Depth_ID	Depthm	T_degC	O2Sat	Salnty
044.0 048.5	19-4904CR-HY-087-0606-04400485-0000B-3	0	10.3	92.8	33.03
044.0 048.5	19-4904CR-HY-087-0606-04400485-0006A-3	6	18.46	111.8	32.92
044.0 048.5	19-4904CR-HY-087-0606-04400485-0010A-7	10	10.29	95.0	32.951
044.0 048.5	19-4904CR-HY-087-0606-04400485-0015A-3	15	10.29	95.3	32.99
044.0 048.5	19-4904CR-HY-087-0606-04400485-0020A-7	20	10.33	95.1	33.005
044.0 048.5	19-4904CR-HY-087-0606-04400485-0030A-7	30	10.39	94.8	33.054
044.0 048.5	19-4904CR-HY-087-0606-04400485-0031A-3	31	10.4	94.8	33.06
044.0 048.5	19-4904CR-HY-087-0606-04400485-0047A-3	47	10.36	91.1	33.15
044.0 048.5	19-4904CR-HY-087-0606-04400485-0050A-7	50	10.35	90.8	33.167
044.0 048.5	19-4904CR-HY-087-0606-04400485-0064A-3	64	10.25	88.1	33.26
044.0 048.5	19-4904CR-HY-087-0606-04400485-0075A-7	75	10.05	79.5	33.381
044.0 048.5	19-4904CR-HY-087-0606-04400485-0098A-3	98	9.54	59.3	33.64
044.0 048.5	19-4904CR-HY-087-0606-04400485-0100A-7	100	9.5	58.3	33.656
044.0 048.5	19-4904CR-HY-087-0606-04400485-0125A-7	125	9.05	49.2	33.81
044.0 048.5	19-4904CR-HY-087-0606-04400485-0132A-3	132	8.93	47.5	33.84
044.0 048.5	19-4904CR-HY-087-0606-04400485-0150A-7	150	8.66	41.3	33.891
044.0 048.5	19-4904CR-HY-087-0606-04400485-0197A-3	197	8.04	26.8	33.96
044.0 048.5	19-4904CR-HY-087-0606-04400485-0200A-7	200	8.01	26.2	33.966
044.0 048.5	19-4904CR-HY-087-0606-04400485-0250A-7	250	7.53	17.7	34.058
044.0 048.5	19-4904CR-HY-087-0606-04400485-0300A-7	300	7.11	11.9	34.136
044.0 048.5	19-4904CR-HY-087-0606-04400485-0382A-3	382	6.55	8.3	34.23
044.0 048.5	19-4904CR-HY-087-0606-04400485-0400A-7	400	6.41	8.1	34.232
044.0 048.5	19-4904CR-HY-087-0606-04400485-0500A-7	500	5.66	6.8	34.232
044.0 048.5	19-4904CR-HY-087-0606-04400485-0569A-3	569	5.2	6.1	34.22
044.0 048.5	19-4904CR-HY-087-0606-04400485-0600A-7	600	5.06	6.0	34.241
044.0 048.5	19-4904CR-HY-087-0606-04400485-0700A-7	700	4.6	5.7	34.313
044.0 048.5	19-4904CR-HY-087-0606-04400485-0800A-7	800	4.14	5.5	34.386
044.0 048.5	19-4904CR-HY-087-0606-04400485-0818A-3	818	4.06	5.5	34.4
042.0 068.0	19-4904CR-HY-091-1418-04200680-0000B-3	0	9.8	96.5	32.63
042.0 068.0	19-4904CR-HY-091-1418-04200680-0009A-3	9	9.63	98.1	32.74
042.0 068.0	19-4904CR-HY-091-1418-04200680-0010A-7	10	9.63	98.1	32.738
042.0 068.0	19-4904CR-HY-091-1418-04200680-0020A-7	20	9.65	97.4	32.722
042.0 068.0	19-4904CR-HY-091-1418-04200680-0021A-3	21	9.65	97.2	32.72
042.0 068.0	19-4904CR-HY-091-1418-04200680-0030A-7	30	9.78	98.1	32.78
042.0 068.0	19-4904CR-HY-091-1418-04200680-0042A-3	42	9.96	99.2	32.9
042.0 068.0	19-4904CR-HY-091-1418-04200680-0050A-7	50	9.95	97.8	32.941
042.0 068.0	19-4904CR-HY-091-1418-04200680-0063A-3	63	9.93	95.7	33.08
042.0 068.0	19-4904CR-HY-091-1418-04200680-0075A-7	75	9.04	81.0	33.219
042.0 068.0	19-4904CR-HY-091-1418-04200680-0084A-3	84	8.3	69.2	33.33
042.0 068.0	19-4904CR-HY-091-1418-04200680-0100A-7	100	8.07	59.1	33.506
042.0 068.0	19-4904CR-HY-091-1418-04200680-0124A-3	124	7.72	51.3	33.62
042.0 068.0	19-4904CR-HY-091-1418-04200680-0125A-7	125	7.71	51.1	33.627
042.0 068.0	19-4904CR-HY-091-1418-04200680-0150A-7	150	7.43	47.1	33.78
042.0 068.0	19-4904CR-HY-091-1418-04200680-0165A-3	165	7.28	45.3	33.86
042.0 068.0	19-4904CR-HY-091-1418-04200680-0200A-7	200	6.93	33.3	33.951
042.0 068.0	19-4904CR-HY-091-1418-04200680-0243A-3	243	6.53	19.8	33.96
042.0 068.0	19-4904CR-HY-091-1418-04200680-0250A-7	250	6.47	19.9	34.026
042.0 068.0	19-4904CR-HY-091-1418-04200680-0300A-7	300	6.09	20.6	34.037
042.0 068.0	19-4904CR-HY-091-1418-04200680-0323A-3	323	5.93	20.9	34.02
042.0 068.0	19-4904CR-HY-091-1418-04200680-0400A-7	400	5.43	16.7	34.065
042.0 068.0	19-4904CR-HY-091-1418-04200680-0487A-3	487	4.96	10.4	34.11
042.0 068.0	19-4904CR-HY-091-1418-04200680-0500A-7	500	4.91	10.1	34.12
042.0 068.0	19-4904CR-HY-091-1418-04200680-0600A-7	600	4.58	8.2	34.195
042.0 068.0	19-4904CR-HY-091-1418-04200680-0700A-7	700	4.32	6.2	34.271
042.0 068.0	19-4904CR-HY-091-1418-04200680-0750A-3	750	4.22	5.2	34.31
042.0 068.0	19-4904CR-HY-091-1418-04200680-1110A-3	1110	3.17	28.5	33.96
041.0 077.0	19-4904CR-HY-092-0030-04100770-0000B-3	0	10.09	92.1	32.79
041.0 077.0	19-4904CR-HY-092-0030-04100770-0010A-7	10	9.85	81.2	32.767
041.0 077.0	19-4904CR-HY-092-0030-04100770-0020A-7	20	9.61	94.4	32.744
041.0 077.0	19-4904CR-HY-092-0030-04100770-0022A-3	22	9.57	98.0	32.74
041.0 077.0	19-4904CR-HY-092-0030-04100770-0030A-7	30	9.57	97.3	32.74
041.0 077.0	19-4904CR-HY-092-0030-04100770-0044A-3	44	9.56	96.1	32.74
041.0 077.0	19-4904CR-HY-092-0030-04100770-0050A-7	50	9.55	94.2	32.755
041.0 077.0	19-4904CR-HY-092-0030-04100770-0064A-3	64	9.54	90.1	32.83
041.0 077.0	19-4904CR-HY-092-0030-04100770-0075A-7	75	9.15	88.8	32.87
041.0 077.0	19-4904CR-HY-092-0030-04100770-0084A-3	84	8.78	87.5	32.92
041.0 077.0	19-4904CR-HY-092-0030-04100770-0100A-7	100	8.37	77.3	33.139
041.0 077.0	19-4904CR-HY-092-0030-04100770-0123A-3	123	8.0	61.1	33.49
041.0 077.0	19-4904CR-HY-092-0030-04100770-0125A-7	125	7.98	60.4	33.51
041.0 077.0	19-4904CR-HY-092-0030-04100770-0150A-7	150	7.81	52.9	33.716
041.0 077.0	19-4904CR-HY-092-0030-04100770-0161A-3	161	7.76	50.8	33.78
041.0 077.0	19-4904CR-HY-092-0030-04100770-0200A-7	200	7.27	43.0	33.943
041.0 077.0	19-4904CR-HY-092-0030-04100770-0236A-3	236	6.76	36.8	34.02
041.0 077.0	19-4904CR-HY-092-0030-04100770-0250A-7	250	6.61	34.1	34.037
041.0 077.0	19-4904CR-HY-092-0030-04100770-0300A-7	300	6.12	25.0	34.069
041.0 077.0	19-4904CR-HY-092-0030-04100770-0311A-3	311	6.03	23.3	34.07
041.0 077.0	19-4904CR-HY-092-0030-04100770-0400A-7	400	5.37	14.4	34.111
041.0 077.0	19-4904CR-HY-092-0030-04100770-0467A-3	467	4.98	10.8	34.14
041.0 077.0	19-4904CR-HY-092-0030-04100770-0500A-7	500	4.85	9.9	34.168
041.0 077.0	19-4904CR-HY-092-0030-04100770-0600A-7	600	4.51	7.5	34.247
041.0 077.0	19-4904CR-HY-092-0030-04100770-0700A-7	700	4.26	5.0	34.317
041.0 077.0	19-4904CR-HY-092-0030-04100770-0720A-3	720	4.22	4.5	34.33
041.0 077.0	19-4904CR-HY-092-0030-04100770-0800A-7	800	3.99	5.6	34.319
041.0 077.0	19-4904CR-HY-092-0030-04100770-0900A-7	900	3.7	6.9	34.306
041.0 077.0	19-4904CR-HY-092-0030-04100770-1000A-7	1000	3.41	8.2	34.295
041.0 077.0	19-4904CR-HY-092-0030-04100770-1043A-3	1043	3.29	8.7	34.29
039.0 096.0	19-4904CR-HY-092-1348-03900960-0000B-3	0	9.7	94.2	32.75
039.0 096.0	19-4904CR-HY-092-1348-03900960-0009A-3	9	9.78	98.6	32.81
039.0 096.0	19-4904CR-HY-092-1348-03900960-0010A-7	10	9.78	98.6	32.808
039.0 096.0	19-4904CR-HY-092-1348-03900960-0020A-7	20	9.75	98.7	32.774
039.0 096.0	19-4904CR-HY-092-1348-03900960-0021A-3	21	9.75	98.7	32.77
039.0 096.0	19-4904CR-HY-092-1348-03900960-0030A-7	30	9.75	97.3	32.795
039.0 096.0	19-4904CR-HY-092-1348-03900960-0042A-3	42	9.75	95.3	32.83
039.0 096.0	19-4904CR-HY-092-1348-03900960-0050A-7	50	9.74	95.7	32.798
039.0 096.0	19-4904CR-HY-092-1348-03900960-0062A-3	62	9.72	96.3	32.75
039.0 096.0	19-4904CR-HY-092-1348-03900960-0075A-7	75	8.94	84.7	33.014
039.0 096.0	19-4904CR-HY-092-1348-03900960-0082A-3	82	8.47	77.2	33.19
039.0 096.0	19-4904CR-HY-092-1348-03900960-0100A-7	100	7.97	65.4	33.428
039.0 096.0	19-4904CR-HY-092-1348-03900960-0118A-3	118	7.78	57.3	33.58
039.0 096.0	19-4904CR-HY-092-1348-03900960-0125A-7	125	7.71	55.0	33.637
039.0 096.0	19-4904CR-HY-092-1348-03900960-0150A-7	150	7.52	49.0	33.8
039.0 096.0	19-4904CR-HY-092-1348-03900960-0154A-3	154	7.5	48.4	33.82
039.0 096.0	19-4904CR-HY-092-1348-03900960-0200A-7	200	7.12	43.1	33.929
039.0 096.0	19-4904CR-HY-092-1348-03900960-0228A-3	228	6.87	40.8	33.94
039.0 096.0	19-4904CR-HY-092-1348-03900960-0250A-7	250	6.63	37.0	33.955
039.0 096.0	19-4904CR-HY-092-1348-03900960-0300A-7	300	6.08	28.2	33.979
039.0 096.0	19-4904CR-HY-092-1348-03900960-0304A-3	304	6.04	27.4	33.98
039.0 096.0	19-4904CR-HY-092-1348-03900960-0400A-7	400	5.23	17.2	34.041
039.0 096.0	19-4904CR-HY-092-1348-03900960-0457A-3	457	4.86	13.3	34.08
039.0 096.0	19-4904CR-HY-092-1348-03900960-0500A-7	500	4.67	11.0	34.113
039.0 096.0	19-4904CR-HY-092-1348-03900960-0600A-7	600	4.31	7.0	34.185
039.0 096.0	19-4904CR-HY-092-1348-03900960-0700A-7	700	4.08	5.1	34.248
039.0 096.0	19-4904CR-HY-092-1348-03900960-0703A-3	703	4.08	5.1	34.25
039.0 096.0	19-4904CR-HY-092-1348-03900960-0800A-7	800	3.84	4.9	34.273
039.0 096.0	19-4904CR-HY-092-1348-03900960-0900A-7	900	3.6	4.6	34.297
039.0 096.0	19-4904CR-HY-092-1348-03900960-1000A-7	1000	3.35	4.3	34.322
039.0 096.0	19-4904CR-HY-092-1348-03900960-1030A-3	1030	3.28	4.3	34.33
036.7 115.0	19-4904CR-HY-093-0036-03671150-0009A-3	9	11.57	96.3	32.92
036.7 115.0	19-4904CR-HY-093-0036-03671150-0010A-7	10	11.55	96.4	32.92
036.7 115.0	19-4904CR-HY-093-0036-03671150-0020A-7	20	11.39	97.1	32.92
036.7 115.0	19-4904CR-HY-093-0036-03671150-0023A-3	23	11.36	97.2	32.92
036.7 115.0	19-4904CR-HY-093-0036-03671150-0030A-7	30	11.35	96.8	32.924
036.7 115.0	19-4904CR-HY-093-0036-03671150-0047A-3	47	11.33	95.5	32.94
036.7 115.0	19-4904CR-HY-093-0036-03671150-0050A-7	50	11.3	95.3	32.945
036.7 115.0	19-4904CR-HY-093-0036-03671150-0070A-3	70	11.01	94.2	32.97
036.7 115.0	19-4904CR-HY-093-0036-03671150-0075A-7	75	10.96	94.8	32.963
036.7 115.0	19-4904CR-HY-093-0036-03671150-0093A-3	93	10.71	95.3	32.95
036.7 115.0	19-4904CR-HY-093-0036-03671150-0100A-7	100	10.5	92.9	32.979
036.7 115.0	19-4904CR-HY-093-0036-03671150-0125A-7	125	9.68	82.6	33.135
036.7 115.0	19-4904CR-HY-093-0036-03671150-0139A-3	139	9.18	76.2	33.26
036.7 115.0	19-4904CR-HY-093-0036-03671150-0150A-7	150	8.9	74.7	33.357
036.7 115.0	19-4904CR-HY-093-0036-03671150-0184A-3	184	8.18	71.7	33.64
036.7 115.0	19-4904CR-HY-093-0036-03671150-0200A-7	200	7.94	68.3	33.709
036.7 115.0	19-4904CR-HY-093-0036-03671150-0250A-7	250	7.29	56.4	33.857
036.7 115.0	19-4904CR-HY-093-0036-03671150-0274A-3	274	7.04	49.8	33.89
036.7 115.0	19-4904CR-HY-093-0036-03671150-0300A-7	300	6.68	43.3	33.967
036.7 115.0	19-4904CR-HY-093-0036-03671150-0364A-3	364	5.88	28.9	34.15
036.7 115.0	19-4904CR-HY-093-0036-03671150-0400A-7	400	5.61	23.3	34.162
036.7 115.0	19-4904CR-HY-093-0036-03671150-0500A-7	500	5.08	11.9	34.199
036.7 115.0	19-4904CR-HY-093-0036-03671150-0550A-3	550	4.93	8.7	33.96
036.7 115.0	19-4904CR-HY-093-0036-03671150-0600A-7	600	4.75	7.9	34.238
036.7 115.0	19-4904CR-HY-093-0036-03671150-0700A-7	700	4.41	6.6	34.279
036.7 115.0	19-4904CR-HY-093-0036-03671150-0800A-7	800	4.13	5.4	34.322
036.7 115.0	19-4904CR-HY-093-0036-03671150-0841A-3	841	4.03	4.8	34.34
036.7 115.0	19-4904CR-HY-093-0036-03671150-1215A-3	1215	3.04	76.6	33.36
042.0 068.0	19-4905HO-HY-127-0606-04200680-0000B-3	0	12.38	101.4	32.88
042.0 068.0	19-4905HO-HY-127-0606-04200680-0009A-3	9	12.27	102.0	32.88
042.0 068.0	19-4905HO-HY-127-0606-04200680-0010A-7	10	12.25	102.1	32.876
042.0 068.0	19-4905HO-HY-127-0606-04200680-0020A-7	20	12.01	103.1	32.844
042.0 068.0	19-4905HO-HY-127-0606-04200680-0022A-3	22	11.95	103.2	32.84
042.0 068.0	19-4905HO-HY-127-0606-04200680-0030A-7	30	11.67	102.0	32.898
042.0 068.0	19-4905HO-HY-127-0606-04200680-0044A-3	44	11.09	99.6	33.04
042.0 068.0	19-4905HO-HY-127-0606-04200680-0050A-7	50	10.79	98.4	33.065
042.0 068.0	19-4905HO-HY-127-0606-04200680-0067A-3	67	10.04	92.7	33.17
042.0 068.0	19-4905HO-HY-127-0606-04200680-0075A-7	75	9.89	87.1	33.294
042.0 068.0	19-4905HO-HY-127-0606-04200680-0087A-3	87	9.76	77.6	33.49
042.0 068.0	19-4905HO-HY-127-0606-04200680-0100A-7	100	9.55	67.4	33.614
042.0 068.0	19-4905HO-HY-127-0606-04200680-0125A-7	125	9.14	50.5	33.776
042.0 068.0	19-4905HO-HY-127-0606-04200680-0131A-3	131	9.04	47.0	33.8
042.0 068.0	19-4905HO-HY-127-0606-04200680-0150A-7	150	8.73	39.9	33.909
042.0 068.0	19-4905HO-HY-127-0606-04200680-0174A-3	174	8.36	34.1	34.02
042.0 068.0	19-4905HO-HY-127-0606-04200680-0200A-7	200	8.01	32.5	34.07
042.0 068.0	19-4905HO-HY-127-0606-04200680-0250A-7	250	7.42	29.5	34.1
042.0 068.0	19-4905HO-HY-127-0606-04200680-0260A-3	260	7.32	29.0	34.11
042.0 068.0	19-4905HO-HY-127-0606-04200680-0300A-7	300	6.94	24.4	34.169
042.0 068.0	19-4905HO-HY-127-0606-04200680-0347A-3	347	6.56	19.1	34.23
042.0 068.0	19-4905HO-HY-127-0606-04200680-0400A-7	400	6.22	17.5	34.21
042.0 068.0	19-4905HO-HY-127-0606-04200680-0500A-7	500	5.71	14.5	34.203
042.0 068.0	19-4905HO-HY-127-0606-04200680-0520A-3	520	5.63	13.9	34.2
042.0 068.0	19-4905HO-HY-127-0606-04200680-0600A-7	600	5.46	12.3	34.226
042.0 068.0	19-4905HO-HY-127-0606-04200680-0700A-7	700	5.26	10.3	34.26
042.0 068.0	19-4905HO-HY-127-0606-04200680-0800A-7	800	5.05	8.3	34.294
042.0 068.0	19-4905HO-HY-127-0606-04200680-0900A-7	900	4.84	6.3	34.329
042.0 068.0	19-4905HO-HY-127-0606-04200680-0988A-3	988	4.66	4.6	34.36
041.0 077.0	19-4905HO-HY-127-1206-04100770-0000B-3	0	12.18	103.7	32.79
041.0 077.0	19-4905HO-HY-127-1206-04100770-0008A-3	8	12.35	102.0	32.83
041.0 077.0	19-4905HO-HY-127-1206-04100770-0010A-7	10	12.35	102.2	32.832
041.0 077.0	19-4905HO-HY-127-1206-04100770-0020A-7	20	12.35	102.8	32.839
041.0 077.0	19-4905HO-HY-127-1206-04100770-0021A-3	21	12.35	102.8	32.84
041.0 077.0	19-4905HO-HY-127-1206-04100770-0030A-7	30	11.53	102.5	32.84
041.0 077.0	19-4905HO-HY-127-1206-04100770-0042A-3	42	10.24	100.7	32.84
041.0 077.0	19-4905HO-HY-127-1206-04100770-0050A-7	50	9.83	98.4	32.846
041.0 077.0	19-4905HO-HY-127-1206-04100770-0063A-3	63	9.42	94.0	32.88
041.0 077.0	19-4905HO-HY-127-1206-04100770-0075A-7	75	9.1	90.3	32.974
041.0 077.0	19-4905HO-HY-127-1206-04100770-0084A-3	84	8.89	86.8	33.06
041.0 077.0	19-4905HO-HY-127-1206-04100770-0100A-7	100	8.44	73.4	33.238
041.0 077.0	19-4905HO-HY-127-1206-04100770-0125A-7	125	7.82	53.1	33.499
041.0 077.0	19-4905HO-HY-127-1206-04100770-0150A-7	150	7.51	46.3	33.737
041.0 077.0	19-4905HO-HY-127-1206-04100770-0170A-3	170	7.35	44.7	33.91
041.0 077.0	19-4905HO-HY-127-1206-04100770-0200A-7	200	6.99	39.2	33.998
041.0 077.0	19-4905HO-HY-127-1206-04100770-0250A-7	250	6.43	30.6	34.032
041.0 077.0	19-4905HO-HY-127-1206-04100770-0255A-3	255	6.38	29.8	34.04
041.0 077.0	19-4905HO-HY-127-1206-04100770-0300A-7	300	6.06	24.1	34.093
041.0 077.0	19-4905HO-HY-127-1206-04100770-0340A-3	340	5.82	20.0	34.13
041.0 077.0	19-4905HO-HY-127-1206-04100770-0400A-7	400	5.38	15.3	34.156
041.0 077.0	19-4905HO-HY-127-1206-04100770-0500A-7	500	4.7	9.6	34.179
041.0 077.0	19-4905HO-HY-127-1206-04100770-0510A-3	510	4.64	9.2	34.18
041.0 077.0	19-4905HO-HY-127-1206-04100770-0600A-7	600	4.54	8.7	34.205
041.0 077.0	19-4905HO-HY-127-1206-04100770-0700A-7	700	4.43	8.3	34.233
041.0 077.0	19-4905HO-HY-127-1206-04100770-0800A-7	800	4.32	7.9	34.261
041.0 077.0	19-4905HO-HY-127-1206-04100770-0900A-7	900	4.21	7.4	34.289
041.0 077.0	19-4905HO-HY-127-1206-04100770-1000A-7	1000	4.1	6.9	34.318
041.0 077.0	19-4905HO-HY-127-1206-04100770-1044A-3	1044	4.05	6.7	34.33
039.0 096.0	19-4905HO-HY-128-0530-03900960-0000B-3	0	12.23	96.2	32.7
039.0 096.0	19-4905HO-HY-128-0530-03900960-0009A-3	9	11.56	96.2	32.75
039.0 096.0	19-4905HO-HY-128-0530-03900960-0010A-7	10	11.51	96.3	32.753
039.0 096.0	19-4905HO-HY-128-0530-03900960-0020A-7	20	11.15	96.5	32.77
039.0 096.0	19-4905HO-HY-128-0530-03900960-0022A-3	22	11.11	96.6	32.77
039.0 096.0	19-4905HO-HY-128-0530-03900960-0030A-7	30	10.98	95.5	32.767
039.0 096.0	19-4905HO-HY-128-0530-03900960-0045A-3	45	10.7	93.1	32.75
039.0 096.0	19-4905HO-HY-128-0530-03900960-0050A-7	50	10.48	93.2	32.75
039.0 096.0	19-4905HO-HY-128-0530-03900960-0068A-3	68	9.63	93.5	32.75
039.0 096.0	19-4905HO-HY-128-0530-03900960-0075A-7	75	9.4	93.0	32.718
039.0 096.0	19-4905HO-HY-128-0530-03900960-0090A-3	90	9.0	92.1	32.68
039.0 096.0	19-4905HO-HY-128-0530-03900960-0100A-7	100	8.76	88.0	32.794
039.0 096.0	19-4905HO-HY-128-0530-03900960-0125A-7	125	8.29	76.3	33.156
039.0 096.0	19-4905HO-HY-128-0530-03900960-0136A-3	136	8.13	70.6	33.35
039.0 096.0	19-4905HO-HY-128-0530-03900960-0150A-7	150	8.0	66.8	33.467
039.0 096.0	19-4905HO-HY-128-0530-03900960-0182A-3	182	7.77	60.3	33.66
039.0 096.0	19-4905HO-HY-128-0530-03900960-0200A-7	200	7.6	56.4	33.776
039.0 096.0	19-4905HO-HY-128-0530-03900960-0250A-7	250	7.08	46.2	34.016
039.0 096.0	19-4905HO-HY-128-0530-03900960-0274A-3	274	6.82	41.8	34.09
039.0 096.0	19-4905HO-HY-128-0530-03900960-0300A-7	300	6.53	37.8	34.055
039.0 096.0	19-4905HO-HY-128-0530-03900960-0365A-3	365	5.86	29.2	33.98
039.0 096.0	19-4905HO-HY-128-0530-03900960-0400A-7	400	5.62	24.4	33.989
039.0 096.0	19-4905HO-HY-128-0530-03900960-0500A-7	500	5.09	12.9	34.067
039.0 096.0	19-4905HO-HY-128-0530-03900960-0548A-3	548	4.91	8.5	34.13
039.0 096.0	19-4905HO-HY-128-0530-03900960-0600A-7	600	4.68	7.9	34.187
039.0 096.0	19-4905HO-HY-128-0530-03900960-0700A-7	700	4.28	6.9	34.288
039.0 096.0	19-4905HO-HY-128-0530-03900960-0800A-7	800	3.94	5.9	34.38
039.0 096.0	19-4905HO-HY-128-0530-03900960-0823A-3	823	3.87	5.6	34.4
039.0 096.0	19-4905HO-HY-128-0530-03900960-0900A-7	900	3.71	6.4	34.407
039.0 096.0	19-4905HO-HY-128-0530-03900960-1000A-7	1000	3.49	7.6	34.417
039.0 096.0	19-4905HO-HY-128-0530-03900960-1100A-7	1100	3.28	8.6	34.427
039.0 096.0	19-4905HO-HY-128-0530-03900960-1200A-7	1200	3.07	9.6	34.439
039.0 096.0	19-4905HO-HY-128-0530-03900960-1212A-3	1212	3.04	9.8	34.44
036.7 115.0	19-4905HO-HY-128-1830-03671150-0000B-3	0	12.47	96.3	32.86
036.7 115.0	19-4905HO-HY-128-1830-03671150-0008A-3	8	12.65	97.4	32.84
036.7 115.0	19-4905HO-HY-128-1830-03671150-0010A-7	10	12.65	97.3	32.836
036.7 115.0	19-4905HO-HY-128-1830-03671150-0020A-7	20	12.66	97.4	32.812
036.7 115.0	19-4905HO-HY-128-1830-03671150-0021A-3	21	12.66	97.3	32.81
036.7 115.0	19-4905HO-HY-128-1830-03671150-0030A-7	30	12.53	97.1	32.853
036.7 115.0	19-4905HO-HY-128-1830-03671150-0042A-3	42	12.25	96.6	32.94
036.7 115.0	19-4905HO-HY-128-1830-03671150-0050A-7	50	12.01	96.0	32.989
036.7 115.0	19-4905HO-HY-128-1830-03671150-0062A-3	62	11.66	94.8	33.05
036.7 115.0	19-4905HO-HY-128-1830-03671150-0075A-7	75	11.41	93.2	33.074
036.7 115.0	19-4905HO-HY-128-1830-03671150-0083A-3	83	11.27	92.1	33.08
036.7 115.0	19-4905HO-HY-128-1830-03671150-0100A-7	100	10.88	89.4	33.095
036.7 115.0	19-4905HO-HY-128-1830-03671150-0120A-3	120	10.27	84.3	33.15
036.7 115.0	19-4905HO-HY-128-1830-03671150-0125A-7	125	10.04	82.0	33.19
036.7 115.0	19-4905HO-HY-128-1830-03671150-0150A-7	150	8.93	70.4	33.417
036.7 115.0	19-4905HO-HY-128-1830-03671150-0157A-3	157	8.62	67.2	33.49
036.7 115.0	19-4905HO-HY-128-1830-03671150-0200A-7	200	7.84	58.9	33.766
036.7 115.0	19-4905HO-HY-128-1830-03671150-0233A-3	233	7.6	56.0	33.89
036.7 115.0	19-4905HO-HY-128-1830-03671150-0250A-7	250	7.38	53.8	33.919
036.7 115.0	19-4905HO-HY-128-1830-03671150-0300A-7	300	6.79	47.3	33.941
036.7 115.0	19-4905HO-HY-128-1830-03671150-0312A-3	312	6.65	45.9	33.95
036.7 115.0	19-4905HO-HY-128-1830-03671150-0400A-7	400	5.77	32.8	33.975
036.7 115.0	19-4905HO-HY-128-1830-03671150-0476A-3	476	5.16	22.5	34.0
036.7 115.0	19-4905HO-HY-128-1830-03671150-0500A-7	500	5.03	20.2	34.029
036.7 115.0	19-4905HO-HY-128-1830-03671150-0600A-7	600	4.58	12.6	34.153
036.7 115.0	19-4905HO-HY-128-1830-03671150-0700A-7	700	4.28	8.0	34.284
036.7 115.0	19-4905HO-HY-128-1830-03671150-0742A-3	742	4.19	6.7	34.34
036.7 115.0	19-4905HO-HY-128-1830-03671150-0800A-7	800	4.04	7.1	34.36
036.7 115.0	19-4905HO-HY-128-1830-03671150-0900A-7	900	3.77	7.8	34.395
036.7 115.0	19-4905HO-HY-128-1830-03671150-1000A-7	1000	3.51	8.4	34.432
036.7 115.0	19-4905HO-HY-128-1830-03671150-1100A-7	1100	3.25	9.0	34.469
036.7 115.0	19-4905HO-HY-128-1830-03671150-1155A-3	1155	3.1	9.4	34.49
041.0 077.0	19-4907BD-HY-184-1254-04100770-0000B-3	0	14.0	120.0	32.83
041.0 077.0	19-4907BD-HY-184-1254-04100770-0009A-3	9	13.9	110.4	32.84
041.0 077.0	19-4907BD-HY-184-1254-04100770-0010A-7	10	13.9	108.4	32.843
041.0 077.0	19-4907BD-HY-184-1254-04100770-0020A-3	20	13.92	89.3	32.9
041.0 077.0	19-4907BD-HY-184-1254-04100770-0030A-7	30	13.24	89.2	32.89
041.0 077.0	19-4907BD-HY-184-1254-04100770-0041A-3	41	12.17	88.5	32.88
041.0 077.0	19-4907BD-HY-184-1254-04100770-0050A-7	50	11.27	81.0	33.073
041.0 077.0	19-4907BD-HY-184-1254-04100770-0062A-3	62	10.26	70.2	33.35
041.0 077.0	19-4907BD-HY-184-1254-04100770-0075A-7	75	9.89	64.1	33.373
041.0 077.0	19-4907BD-HY-184-1254-04100770-0083A-3	83	9.81	61.3	33.42
041.0 077.0	19-4907BD-HY-184-1254-04100770-0100A-7	100	9.56	55.1	33.474
041.0 077.0	19-4907BD-HY-184-1254-04100770-0125A-7	125	9.25	47.5	33.552
041.0 077.0	19-4907BD-HY-184-1254-04100770-0150A-7	150	9.01	42.0	33.627
041.0 077.0	19-4907BD-HY-184-1254-04100770-0161A-3	161	8.92	40.1	33.66
041.0 077.0	19-4907BD-HY-184-1254-04100770-0200A-7	200	8.48	38.8	33.788
041.0 077.0	19-4907BD-HY-184-1254-04100770-0234A-3	234	8.1	38.2	33.89
041.0 077.0	19-4907BD-HY-184-1254-04100770-0250A-7	250	7.91	35.1	33.917
041.0 077.0	19-4907BD-HY-184-1254-04100770-0300A-7	300	7.33	24.9	33.991
041.0 077.0	19-4907BD-HY-184-1254-04100770-0400A-7	400	6.31	22.1	34.09
041.0 077.0	19-4907BD-HY-184-1254-04100770-0428A-3	428	6.06	21.4	34.09
041.0 077.0	19-4907BD-HY-184-1254-04100770-0500A-7	500	5.64	16.4	34.151
041.0 077.0	19-4907BD-HY-184-1254-04100770-0600A-7	600	5.2	9.7	34.239
041.0 077.0	19-4907BD-HY-184-1254-04100770-0657A-3	657	5.02	5.9	34.29
039.0 096.0	19-4907BD-HY-185-0448-03900960-0000B-3	0	13.95	96.3	32.9
039.0 096.0	19-4907BD-HY-185-0448-03900960-0008A-3	8	13.99	70.2	32.82
039.0 096.0	19-4907BD-HY-185-0448-03900960-0010A-7	10	14.01	71.9	32.824
039.0 096.0	19-4907BD-HY-185-0448-03900960-0020A-7	20	14.07	80.0	32.83
039.0 096.0	19-4907BD-HY-185-0448-03900960-0021A-3	21	14.07	80.9	32.83
039.0 096.0	19-4907BD-HY-185-0448-03900960-0030A-7	30	13.9	91.8	32.834
039.0 096.0	19-4907BD-HY-185-0448-03900960-0042A-3	42	13.67	102.0	32.84
039.0 096.0	19-4907BD-HY-185-0448-03900960-0050A-7	50	12.96	97.6	32.835
039.0 096.0	19-4907BD-HY-185-0448-03900960-0063A-3	63	11.56	85.3	32.83
039.0 096.0	19-4907BD-HY-185-0448-03900960-0075A-7	75	10.38	75.5	32.819
039.0 096.0	19-4907BD-HY-185-0448-03900960-0084A-3	84	9.61	69.5	32.81
039.0 096.0	19-4907BD-HY-185-0448-03900960-0100A-7	100	8.95	66.8	32.917
039.0 096.0	19-4907BD-HY-185-0448-03900960-0125A-7	125	8.47	65.1	33.159
039.0 096.0	19-4907BD-HY-185-0448-03900960-0126A-3	126	8.46	65.1	33.17
039.0 096.0	19-4907BD-HY-185-0448-03900960-0150A-7	150	7.86	53.0	33.415
039.0 096.0	19-4907BD-HY-185-0448-03900960-0166A-3	166	7.52	44.8	33.57
039.0 096.0	19-4907BD-HY-185-0448-03900960-0200A-7	200	7.22	43.2	33.788
039.0 096.0	19-4907BD-HY-185-0448-03900960-0245A-3	245	7.0	41.3	33.95
039.0 096.0	19-4907BD-HY-185-0448-03900960-0250A-7	250	6.94	40.6	33.958
039.0 096.0	19-4907BD-HY-185-0448-03900960-0300A-7	300	6.31	34.1	33.982
039.0 096.0	19-4907BD-HY-185-0448-03900960-0330A-3	330	5.91	29.6	34.0
039.0 096.0	19-4907BD-HY-185-0448-03900960-0400A-7	400	5.4	20.9	34.056
039.0 096.0	19-4907BD-HY-185-0448-03900960-0500A-7	500	4.83	11.7	34.138
039.0 096.0	19-4907BD-HY-185-0448-03900960-0600A-7	600	4.44	8.9	34.218
039.0 096.0	19-4907BD-HY-185-0448-03900960-0700A-7	700	4.25	6.1	34.291
039.0 096.0	19-4907BD-HY-185-0448-03900960-0757A-3	757	4.22	4.4	34.33
039.0 096.0	19-4907BD-HY-185-0448-03900960-0800A-7	800	4.09	4.7	34.353
039.0 096.0	19-4907BD-HY-185-0448-03900960-0900A-7	900	3.78	5.2	34.407
039.0 096.0	19-4907BD-HY-185-0448-03900960-1000A-7	1000	3.47	5.7	34.462
039.0 096.0	19-4907BD-HY-185-0448-03900960-1049A-3	1049	3.32	5.9	34.49
036.7 115.0	19-4907BD-HY-185-2242-03671150-0000B-3	0	15.1	105.2	32.81
036.7 115.0	19-4907BD-HY-185-2242-03671150-0010A-3	10	14.62	72.3	32.81
036.7 115.0	19-4907BD-HY-185-2242-03671150-0020A-7	20	14.51	80.7	32.831
036.7 115.0	19-4907BD-HY-185-2242-03671150-0030A-7	30	14.35	83.9	32.845
036.7 115.0	19-4907BD-HY-185-2242-03671150-0050A-3	50	13.91	79.7	32.86
036.7 115.0	19-4907BD-HY-185-2242-03671150-0075A-3	75	11.76	77.5	32.81
036.7 115.0	19-4907BD-HY-185-2242-03671150-0100A-7	100	10.48	66.6	32.958
036.7 115.0	19-4907BD-HY-185-2242-03671150-0125A-7	125	9.46	55.9	33.174
036.7 115.0	19-4907BD-HY-185-2242-03671150-0148A-3	148	8.74	46.1	33.42
036.7 115.0	19-4907BD-HY-185-2242-03671150-0150A-7	150	8.69	46.1	33.44
036.7 115.0	19-4907BD-HY-185-2242-03671150-0197A-3	197	7.84	46.8	33.86
036.7 115.0	19-4907BD-HY-185-2242-03671150-0200A-7	200	7.8	46.5	33.859
036.7 115.0	19-4907BD-HY-185-2242-03671150-0250A-7	250	7.28	39.9	33.863
036.7 115.0	19-4907BD-HY-185-2242-03671150-0300A-7	300	6.83	32.4	33.893
036.7 115.0	19-4907BD-HY-185-2242-03671150-0387A-3	387	5.75	17.1	34.0
036.7 115.0	19-4907BD-HY-185-2242-03671150-0400A-7	400	5.64	16.2	34.01
036.7 115.0	19-4907BD-HY-185-2242-03671150-0500A-7	500	5.02	11.5	34.082
036.7 115.0	19-4907BD-HY-185-2242-03671150-0547A-3	547	4.89	5.3	34.25
036.7 115.0	19-4907BD-HY-185-2242-03671150-0571A-3	571	4.84	10.2	34.13
036.7 115.0	19-4907BD-HY-185-2242-03671150-0600A-7	600	4.75	9.5	34.15
036.7 115.0	19-4907BD-HY-185-2242-03671150-0700A-7	700	4.42	7.0	34.218
036.7 115.0	19-4907BD-HY-185-2242-03671150-0800A-7	800	4.1	4.8	34.289
036.7 115.0	19-4907BD-HY-185-2242-03671150-0858A-3	858	3.91	3.4	34.33
042.0 068.0	19-4908BD-HY-215-2248-04200680-0000B-3	0	16.58	104.3	32.5
042.0 068.0	19-4908BD-HY-215-2248-04200680-0009A-3	9	16.03	103.6	32.48
042.0 068.0	19-4908BD-HY-215-2248-04200680-0010A-7	10	15.98	104.0	32.507
042.0 068.0	19-4908BD-HY-215-2248-04200680-0020A-7	20	15.41	109.3	32.815
042.0 068.0	19-4908BD-HY-215-2248-04200680-0023A-3	23	15.2	110.8	32.92
042.0 068.0	19-4908BD-HY-215-2248-04200680-0030A-7	30	14.28	108.3	32.985
042.0 068.0	19-4908BD-HY-215-2248-04200680-0047A-3	47	11.86	101.7	32.99
042.0 068.0	19-4908BD-HY-215-2248-04200680-0050A-7	50	11.55	101.0	32.972
042.0 068.0	19-4908BD-HY-215-2248-04200680-0071A-3	71	9.87	96.8	32.9
042.0 068.0	19-4908BD-HY-215-2248-04200680-0075A-7	75	9.64	93.9	32.939
042.0 068.0	19-4908BD-HY-215-2248-04200680-0095A-3	95	8.81	77.7	33.21
042.0 068.0	19-4908BD-HY-215-2248-04200680-0100A-7	100	8.69	74.3	33.276
042.0 068.0	19-4908BD-HY-215-2248-04200680-0125A-7	125	8.25	59.9	33.569
042.0 068.0	19-4908BD-HY-215-2248-04200680-0142A-3	142	8.12	51.9	33.73
042.0 068.0	19-4908BD-HY-215-2248-04200680-0150A-7	150	8.04	48.7	33.779
042.0 068.0	19-4908BD-HY-215-2248-04200680-0189A-3	189	7.67	36.1	33.93
042.0 068.0	19-4908BD-HY-215-2248-04200680-0200A-7	200	7.56	34.2	33.948
042.0 068.0	19-4908BD-HY-215-2248-04200680-0250A-7	250	7.04	27.8	33.998
042.0 068.0	19-4908BD-HY-215-2248-04200680-0282A-3	282	6.72	25.8	34.0
042.0 068.0	19-4908BD-HY-215-2248-04200680-0300A-7	300	6.55	23.7	34.021
042.0 068.0	19-4908BD-HY-215-2248-04200680-0375A-3	375	5.92	15.9	34.11
042.0 068.0	19-4908BD-HY-215-2248-04200680-0400A-7	400	5.75	14.1	34.13
042.0 068.0	19-4908BD-HY-215-2248-04200680-0500A-7	500	5.18	9.0	34.193
042.0 068.0	19-4908BD-HY-215-2248-04200680-0561A-3	561	4.9	7.3	34.22
042.0 068.0	19-4908BD-HY-215-2248-04200680-0600A-7	600	4.79	7.4	34.233
042.0 068.0	19-4908BD-HY-215-2248-04200680-0700A-7	700	4.5	7.8	34.268
042.0 068.0	19-4908BD-HY-215-2248-04200680-0800A-7	800	4.21	8.0	34.304
042.0 068.0	19-4908BD-HY-215-2248-04200680-0900A-7	900	3.93	8.3	34.341
042.0 068.0	19-4908BD-HY-215-2248-04200680-1000A-7	1000	3.64	8.5	34.379
042.0 068.0	19-4908BD-HY-215-2248-04200680-1100A-7	1100	3.35	8.9	34.418
042.0 068.0	19-4908BD-HY-215-2248-04200680-1178A-3	1178	3.13	9.1	34.45
041.0 077.0	19-4908BD-HY-216-0524-04100770-0000B-3	0	16.55	103.8	32.66
041.0 077.0	19-4908BD-HY-216-0524-04100770-0010A-3	10	16.11	103.6	32.59
041.0 077.0	19-4908BD-HY-216-0524-04100770-0020A-7	20	15.7	103.3	32.59
041.0 077.0	19-4908BD-HY-216-0524-04100770-0024A-3	24	15.5	103.2	32.59
041.0 077.0	19-4908BD-HY-216-0524-04100770-0030A-7	30	14.98	103.0	32.613
041.0 077.0	19-4908BD-HY-216-0524-04100770-0047A-3	47	13.18	102.2	32.7
041.0 077.0	19-4908BD-HY-216-0524-04100770-0050A-7	50	12.84	101.6	32.702
041.0 077.0	19-4908BD-HY-216-0524-04100770-0071A-3	71	10.65	98.6	32.77
041.0 077.0	19-4908BD-HY-216-0524-04100770-0075A-7	75	10.36	96.9	32.811
041.0 077.0	19-4908BD-HY-216-0524-04100770-0094A-3	94	9.31	87.7	33.04
041.0 077.0	19-4908BD-HY-216-0524-04100770-0100A-7	100	9.14	85.1	33.11
041.0 077.0	19-4908BD-HY-216-0524-04100770-0125A-7	125	8.68	74.7	33.375
041.0 077.0	19-4908BD-HY-216-0524-04100770-0140A-3	140	8.6	68.4	33.51
041.0 077.0	19-4908BD-HY-216-0524-04100770-0150A-7	150	8.48	63.7	33.582
041.0 077.0	19-4908BD-HY-216-0524-04100770-0186A-3	186	8.09	48.3	33.78
041.0 077.0	19-4908BD-HY-216-0524-04100770-0200A-7	200	7.9	44.6	33.825
041.0 077.0	19-4908BD-HY-216-0524-04100770-0250A-7	250	7.24	35.3	33.935
041.0 077.0	19-4908BD-HY-216-0524-04100770-0276A-3	276	6.92	32.7	33.96
041.0 077.0	19-4908BD-HY-216-0524-04100770-0300A-7	300	6.74	29.9	33.99
041.0 077.0	19-4908BD-HY-216-0524-04100770-0366A-3	366	6.34	23.7	34.05
041.0 077.0	19-4908BD-HY-216-0524-04100770-0400A-7	400	6.1	20.1	34.074
041.0 077.0	19-4908BD-HY-216-0524-04100770-0500A-7	500	5.44	11.3	34.136
041.0 077.0	19-4908BD-HY-216-0524-04100770-0544A-3	544	5.16	8.2	34.16
041.0 077.0	19-4908BD-HY-216-0524-04100770-0600A-7	600	4.89	7.4	34.199
041.0 077.0	19-4908BD-HY-216-0524-04100770-0700A-7	700	4.46	6.2	34.267
041.0 077.0	19-4908BD-HY-216-0524-04100770-0800A-7	800	4.11	5.1	34.333
041.0 077.0	19-4908BD-HY-216-0524-04100770-0811A-3	811	4.08	4.9	34.34
041.0 077.0	19-4908BD-HY-216-0524-04100770-0900A-7	900	3.82	5.6	34.387
041.0 077.0	19-4908BD-HY-216-0524-04100770-1000A-7	1000	3.53	6.4	34.442
041.0 077.0	19-4908BD-HY-216-0524-04100770-1100A-7	1100	3.24	7.1	34.498
041.0 077.0	19-4908BD-HY-216-0524-04100770-1122A-3	1122	3.18	7.2	34.51
039.0 096.0	19-4908BD-HY-216-1730-03900960-0000B-3	0	16.75	105.3	32.61
039.0 096.0	19-4908BD-HY-216-1730-03900960-0010A-3	10	16.53	104.3	32.61
039.0 096.0	19-4908BD-HY-216-1730-03900960-0020A-7	20	15.67	104.8	32.579
039.0 096.0	19-4908BD-HY-216-1730-03900960-0024A-3	24	15.24	105.3	32.57
039.0 096.0	19-4908BD-HY-216-1730-03900960-0030A-7	30	14.62	106.0	32.576
039.0 096.0	19-4908BD-HY-216-1730-03900960-0048A-3	48	12.88	106.7	32.66
039.0 096.0	19-4908BD-HY-216-1730-03900960-0050A-7	50	12.74	106.4	32.677
039.0 096.0	19-4908BD-HY-216-1730-03900960-0072A-3	72	11.44	100.5	32.86
039.0 096.0	19-4908BD-HY-216-1730-03900960-0075A-7	75	11.29	99.9	32.873
039.0 096.0	19-4908BD-HY-216-1730-03900960-0096A-3	96	10.36	94.9	32.95
039.0 096.0	19-4908BD-HY-216-1730-03900960-0100A-7	100	10.21	94.0	32.971
039.0 096.0	19-4908BD-HY-216-1730-03900960-0125A-7	125	9.39	85.9	33.129
039.0 096.0	19-4908BD-HY-216-1730-03900960-0144A-3	144	8.94	77.6	33.28
039.0 096.0	19-4908BD-HY-216-1730-03900960-0150A-7	150	8.84	73.5	33.341
039.0 096.0	19-4908BD-HY-216-1730-03900960-0193A-3	193	8.33	42.9	33.77
039.0 096.0	19-4908BD-HY-216-1730-03900960-0200A-7	200	8.23	42.4	33.774
039.0 096.0	19-4908BD-HY-216-1730-03900960-0250A-7	250	7.56	39.1	33.812
039.0 096.0	19-4908BD-HY-216-1730-03900960-0300A-7	300	6.92	35.9	33.863
039.0 096.0	19-4908BD-HY-216-1730-03900960-0389A-3	389	5.87	30.3	33.98
039.0 096.0	19-4908BD-HY-216-1730-03900960-0400A-7	400	5.78	29.1	33.99
039.0 096.0	19-4908BD-HY-216-1730-03900960-0500A-7	500	5.04	18.8	34.08
039.0 096.0	19-4908BD-HY-216-1730-03900960-0600A-7	600	4.5	9.3	34.157
039.0 096.0	19-4908BD-HY-216-1730-03900960-0635A-3	635	4.36	6.1	34.18
039.0 096.0	19-4908BD-HY-216-1730-03900960-0700A-7	700	4.21	6.0	34.216
039.0 096.0	19-4908BD-HY-216-1730-03900960-0800A-7	800	3.99	5.9	34.272
039.0 096.0	19-4908BD-HY-216-1730-03900960-0900A-7	900	3.77	5.9	34.329
039.0 096.0	19-4908BD-HY-216-1730-03900960-1000A-7	1000	3.54	5.7	34.386
039.0 096.0	19-4908BD-HY-216-1730-03900960-1076A-3	1076	3.37	5.7	34.43
036.7 115.0	19-4908BD-HY-217-0636-03671150-0000B-3	0	17.9	105.1	32.86
036.7 115.0	19-4908BD-HY-217-0636-03671150-0010A-3	10	16.91	104.7	32.86
036.7 115.0	19-4908BD-HY-217-0636-03671150-0020A-7	20	16.62	105.0	32.856
036.7 115.0	19-4908BD-HY-217-0636-03671150-0025A-3	25	16.42	105.1	32.84
036.7 115.0	19-4908BD-HY-217-0636-03671150-0030A-7	30	15.57	107.4	32.782
036.7 115.0	19-4908BD-HY-217-0636-03671150-0049A-3	49	11.94	112.9	32.68
036.7 115.0	19-4908BD-HY-217-0636-03671150-0050A-7	50	11.82	112.4	32.691
036.7 115.0	19-4908BD-HY-217-0636-03671150-0073A-3	73	9.9	101.1	32.92
036.7 115.0	19-4908BD-HY-217-0636-03671150-0075A-7	75	9.76	100.8	32.899
036.7 115.0	19-4908BD-HY-217-0636-03671150-0098A-3	98	8.42	98.0	32.74
036.7 115.0	19-4908BD-HY-217-0636-03671150-0100A-7	100	8.39	97.6	32.748
036.7 115.0	19-4908BD-HY-217-0636-03671150-0125A-7	125	7.99	91.6	32.877
036.7 115.0	19-4908BD-HY-217-0636-03671150-0146A-3	146	7.66	84.2	33.03
036.7 115.0	19-4908BD-HY-217-0636-03671150-0150A-7	150	7.66	82.6	33.081
036.7 115.0	19-4908BD-HY-217-0636-03671150-0196A-3	196	7.83	64.1	33.66
036.7 115.0	19-4908BD-HY-217-0636-03671150-0200A-7	200	7.81	63.2	33.669
036.7 115.0	19-4908BD-HY-217-0636-03671150-0250A-7	250	7.36	53.7	33.778
036.7 115.0	19-4908BD-HY-217-0636-03671150-0300A-7	300	6.67	47.6	33.869
036.7 115.0	19-4908BD-HY-217-0636-03671150-0392A-3	392	5.59	32.1	34.0
036.7 115.0	19-4908BD-HY-217-0636-03671150-0400A-7	400	5.52	30.9	34.005
036.7 115.0	19-4908BD-HY-217-0636-03671150-0500A-7	500	4.85	18.7	34.051
036.7 115.0	19-4908BD-HY-217-0636-03671150-0588A-3	588	4.49	11.1	34.07
036.7 115.0	19-4908BD-HY-217-0636-03671150-0600A-7	600	4.45	10.8	34.081
036.7 115.0	19-4908BD-HY-217-0636-03671150-0700A-7	700	4.16	8.8	34.176
036.7 115.0	19-4908BD-HY-217-0636-03671150-0800A-7	800	3.94	6.8	34.275
036.7 115.0	19-4908BD-HY-217-0636-03671150-0884A-3	884	3.8	5.2	34.36
036.7 115.0	19-4908BD-HY-217-0636-03671150-0900A-7	900	3.76	5.4	34.367
036.7 115.0	19-4908BD-HY-217-0636-03671150-1000A-7	1000	3.52	6.6	34.412
036.7 115.0	19-4908BD-HY-217-0636-03671150-1100A-7	1100	3.28	7.8	34.458
036.7 115.0	19-4908BD-HY-217-0636-03671150-1200A-7	1200	3.04	9.1	34.505
036.7 115.0	19-4908BD-HY-217-0636-03671150-1232A-3	1232	2.96	9.5	34.52
042.0 068.0	19-4909BD-HY-248-2336-04200680-0000B-3	0	18.1	95.0	32.18
042.0 068.0	19-4909BD-HY-248-2336-04200680-0010A-3	10	17.63	101.8	32.23
042.0 068.0	19-4909BD-HY-248-2336-04200680-0020A-7	20	17.58	102.2	32.197
042.0 068.0	19-4909BD-HY-248-2336-04200680-0025A-3	25	17.55	102.5	32.18
042.0 068.0	19-4909BD-HY-248-2336-04200680-0030A-7	30	17.12	104.6	32.29
042.0 068.0	19-4909BD-HY-248-2336-04200680-0050A-3	50	14.36	108.9	32.79
042.0 068.0	19-4909BD-HY-248-2336-04200680-0075A-3	75	9.85	92.0	32.88
042.0 068.0	19-4909BD-HY-248-2336-04200680-0100A-7	100	8.45	80.6	33.054
042.0 068.0	19-4909BD-HY-248-2336-04200680-0101A-3	101	8.43	80.1	33.06
042.0 068.0	19-4909BD-HY-248-2336-04200680-0125A-7	125	8.25	69.7	33.357
042.0 068.0	19-4909BD-HY-248-2336-04200680-0150A-7	150	8.05	59.0	33.589
042.0 068.0	19-4909BD-HY-248-2336-04200680-0200A-3	200	7.67	42.3	33.93
042.0 068.0	19-4909BD-HY-248-2336-04200680-0250A-7	250	7.02	32.9	34.038
042.0 068.0	19-4909BD-HY-248-2336-04200680-0296A-3	296	6.44	27.5	34.04
042.0 068.0	19-4909BD-HY-248-2336-04200680-0300A-7	300	6.41	27.1	34.04
042.0 068.0	19-4909BD-HY-248-2336-04200680-0392A-3	392	5.83	17.0	34.04
042.0 068.0	19-4909BD-HY-248-2336-04200680-0400A-7	400	5.78	16.3	34.046
042.0 068.0	19-4909BD-HY-248-2336-04200680-0500A-7	500	5.16	8.7	34.13
042.0 068.0	19-4909BD-HY-248-2336-04200680-0585A-3	585	4.7	4.9	34.22
042.0 068.0	19-4909BD-HY-248-2336-04200680-0600A-7	600	4.64	5.1	34.228
042.0 068.0	19-4909BD-HY-248-2336-04200680-0700A-7	700	4.3	6.8	34.279
042.0 068.0	19-4909BD-HY-248-2336-04200680-0800A-7	800	4.02	8.4	34.318
042.0 068.0	19-4909BD-HY-248-2336-04200680-0878A-3	878	3.85	9.5	34.34
042.0 068.0	19-4909BD-HY-248-2336-04200680-0900A-7	900	3.79	9.5	34.349
042.0 068.0	19-4909BD-HY-248-2336-04200680-1000A-7	1000	3.53	9.3	34.392
042.0 068.0	19-4909BD-HY-248-2336-04200680-1100A-7	1100	3.26	9.1	34.435
042.0 068.0	19-4909BD-HY-248-2336-04200680-1200A-7	1200	2.99	8.9	34.479
042.0 068.0	19-4909BD-HY-248-2336-04200680-1224A-3	1224	2.93	8.9	34.49
041.0 077.0	19-4909BD-HY-249-0654-04100770-0000B-3	0	18.05	97.3	32.18
041.0 077.0	19-4909BD-HY-249-0654-04100770-0010A-7	10	17.6	95.3	32.162
041.0 077.0	19-4909BD-HY-249-0654-04100770-0011A-3	11	17.56	95.1	32.16
041.0 077.0	19-4909BD-HY-249-0654-04100770-0020A-7	20	17.49	94.0	32.183
041.0 077.0	19-4909BD-HY-249-0654-04100770-0027A-3	27	17.44	93.4	32.2
041.0 077.0	19-4909BD-HY-249-0654-04100770-0030A-7	30	17.1	94.1	32.252
041.0 077.0	19-4909BD-HY-249-0654-04100770-0050A-7	50	14.18	97.1	32.631
041.0 077.0	19-4909BD-HY-249-0654-04100770-0054A-3	54	13.46	97.6	32.72
041.0 077.0	19-4909BD-HY-249-0654-04100770-0075A-7	75	10.69	91.2	32.78
041.0 077.0	19-4909BD-HY-249-0654-04100770-0081A-3	81	10.03	89.6	32.79
041.0 077.0	19-4909BD-HY-249-0654-04100770-0100A-7	100	8.71	82.0	33.02
041.0 077.0	19-4909BD-HY-249-0654-04100770-0108A-3	108	8.36	78.2	33.13
041.0 077.0	19-4909BD-HY-249-0654-04100770-0125A-7	125	8.3	67.7	33.373
041.0 077.0	19-4909BD-HY-249-0654-04100770-0150A-7	150	8.21	51.4	33.619
041.0 077.0	19-4909BD-HY-249-0654-04100770-0160A-3	160	8.17	44.7	33.68
041.0 077.0	19-4909BD-HY-249-0654-04100770-0200A-7	200	7.77	30.5	33.91
041.0 077.0	19-4909BD-HY-249-0654-04100770-0212A-3	212	7.62	27.9	33.95
041.0 077.0	19-4909BD-HY-249-0654-04100770-0250A-7	250	7.01	27.9	33.946
041.0 077.0	19-4909BD-HY-249-0654-04100770-0300A-7	300	6.23	28.0	33.887
041.0 077.0	19-4909BD-HY-249-0654-04100770-0314A-3	314	6.02	28.0	33.86
041.0 077.0	19-4909BD-HY-249-0654-04100770-0400A-7	400	5.48	16.6	34.011
041.0 077.0	19-4909BD-HY-249-0654-04100770-0418A-3	418	5.42	13.9	34.05
041.0 077.0	19-4909BD-HY-249-0654-04100770-0500A-7	500	5.03	11.8	34.127
041.0 077.0	19-4909BD-HY-249-0654-04100770-0600A-7	600	4.63	9.3	34.189
041.0 077.0	19-4909BD-HY-249-0654-04100770-0627A-3	627	4.53	8.6	34.2
041.0 077.0	19-4909BD-HY-249-0654-04100770-0700A-7	700	4.29	8.0	34.263
041.0 077.0	19-4909BD-HY-249-0654-04100770-0800A-7	800	4.01	7.1	34.343
041.0 077.0	19-4909BD-HY-249-0654-04100770-0900A-7	900	3.76	6.4	34.415
041.0 077.0	19-4909BD-HY-249-0654-04100770-0954A-3	954	3.64	6.0	34.45
041.0 077.0	19-4909BD-HY-249-0654-04100770-1000A-7	1000	3.55	6.2	34.458
041.0 077.0	19-4909BD-HY-249-0654-04100770-1100A-7	1100	3.36	6.6	34.477
041.0 077.0	19-4909BD-HY-249-0654-04100770-1200A-7	1200	3.16	7.0	34.497
041.0 077.0	19-4909BD-HY-249-0654-04100770-1300A-7	1300	2.97	7.3	34.517
041.0 077.0	19-4909BD-HY-249-0654-04100770-1316A-3	1316	2.94	7.5	34.52
039.0 096.0	19-4909BD-HY-249-2018-03900960-0000B-3	0	18.7	102.5	32.63
039.0 096.0	19-4909BD-HY-249-2018-03900960-0010A-3	10	18.45	102.2	32.63
039.0 096.0	19-4909BD-HY-249-2018-03900960-0020A-7	20	18.26	102.8	32.721
039.0 096.0	19-4909BD-HY-249-2018-03900960-0025A-3	25	18.05	102.9	32.77
039.0 096.0	19-4909BD-HY-249-2018-03900960-0030A-7	30	17.46	104.5	32.784
039.0 096.0	19-4909BD-HY-249-2018-03900960-0050A-3	50	14.5	108.3	32.81
039.0 096.0	19-4909BD-HY-249-2018-03900960-0075A-3	75	11.6	98.9	32.81
039.0 096.0	19-4909BD-HY-249-2018-03900960-0100A-3	100	9.77	90.3	32.97
039.0 096.0	19-4909BD-HY-249-2018-03900960-0125A-7	125	8.86	77.8	33.259
039.0 096.0	19-4909BD-HY-249-2018-03900960-0150A-3	150	8.5	64.1	33.55
039.0 096.0	19-4909BD-HY-249-2018-03900960-0199A-3	199	8.46	40.7	33.86
039.0 096.0	19-4909BD-HY-249-2018-03900960-0200A-7	200	8.45	40.5	33.863
039.0 096.0	19-4909BD-HY-249-2018-03900960-0250A-7	250	7.85	34.7	33.964
039.0 096.0	19-4909BD-HY-249-2018-03900960-0297A-3	297	7.18	29.3	33.98
039.0 096.0	19-4909BD-HY-249-2018-03900960-0300A-7	300	7.16	29.0	33.983
039.0 096.0	19-4909BD-HY-249-2018-03900960-0394A-3	394	6.54	20.6	34.07
039.0 096.0	19-4909BD-HY-249-2018-03900960-0400A-7	400	6.48	20.2	34.071
039.0 096.0	19-4909BD-HY-249-2018-03900960-0500A-7	500	5.52	14.0	34.094
039.0 096.0	19-4909BD-HY-249-2018-03900960-0590A-3	590	4.69	10.3	34.11
039.0 096.0	19-4909BD-HY-249-2018-03900960-0600A-7	600	4.64	10.0	34.117
039.0 096.0	19-4909BD-HY-249-2018-03900960-0700A-7	700	4.24	7.0	34.19
039.0 096.0	19-4909BD-HY-249-2018-03900960-0800A-7	800	3.98	5.3	34.268
039.0 096.0	19-4909BD-HY-249-2018-03900960-0890A-3	890	3.87	4.6	34.34
039.0 096.0	19-4909BD-HY-249-2018-03900960-0900A-7	900	3.85	4.8	34.345
039.0 096.0	19-4909BD-HY-249-2018-03900960-1000A-7	1000	3.62	6.0	34.393
039.0 096.0	19-4909BD-HY-249-2018-03900960-1100A-7	1100	3.39	7.1	34.441
039.0 096.0	19-4909BD-HY-249-2018-03900960-1200A-7	1200	3.17	8.3	34.491
039.0 096.0	19-4909BD-HY-249-2018-03900960-1239A-3	1239	3.08	8.7	34.51
036.7 115.0	19-4909BD-HY-250-1006-03671150-0000B-3	0	18.46	81.3	32.83
036.7 115.0	19-4909BD-HY-250-1006-03671150-0010A-3	10	18.29	108.1	32.84
036.7 115.0	19-4909BD-HY-250-1006-03671150-0020A-7	20	18.28	108.2	32.834
036.7 115.0	19-4909BD-HY-250-1006-03671150-0026A-3	26	18.28	74.7	32.83
036.7 115.0	19-4909BD-HY-250-1006-03671150-0030A-7	30	17.49	107.0	32.83
036.7 115.0	19-4909BD-HY-250-1006-03671150-0050A-7	50	12.86	97.9	32.83
036.7 115.0	19-4909BD-HY-250-1006-03671150-0052A-3	52	12.34	72.9	32.83
036.7 115.0	19-4909BD-HY-250-1006-03671150-0075A-7	75	10.16	92.9	32.805
036.7 115.0	19-4909BD-HY-250-1006-03671150-0079A-3	79	9.95	92.6	32.79
036.7 115.0	19-4909BD-HY-250-1006-03671150-0100A-7	100	8.55	82.8	32.782
036.7 115.0	19-4909BD-HY-250-1006-03671150-0105A-3	105	8.27	80.4	32.78
036.7 115.0	19-4909BD-HY-250-1006-03671150-0125A-7	125	8.09	75.3	33.012
036.7 115.0	19-4909BD-HY-250-1006-03671150-0150A-7	150	7.87	69.3	33.188
036.7 115.0	19-4909BD-HY-250-1006-03671150-0200A-7	200	7.42	59.5	33.708
036.7 115.0	19-4909BD-HY-250-1006-03671150-0210A-3	210	7.34	57.9	33.78
036.7 115.0	19-4909BD-HY-250-1006-03671150-0250A-7	250	6.93	49.4	33.888
036.7 115.0	19-4909BD-HY-250-1006-03671150-0300A-7	300	6.41	39.8	33.901
036.7 115.0	19-4909BD-HY-250-1006-03671150-0314A-3	314	6.26	37.4	33.92
036.7 115.0	19-4909BD-HY-250-1006-03671150-0400A-7	400	5.47	26.2	33.972
036.7 115.0	19-4909BD-HY-250-1006-03671150-0417A-3	417	5.33	24.6	33.98
036.7 115.0	19-4909BD-HY-250-1006-03671150-0500A-7	500	4.82	22.7	34.065
036.7 115.0	19-4909BD-HY-250-1006-03671150-0600A-7	600	4.36	20.7	34.173
036.7 115.0	19-4909BD-HY-250-1006-03671150-0624A-3	624	4.28	20.2	34.2
036.7 115.0	19-4909BD-HY-250-1006-03671150-0700A-7	700	4.04	16.2	34.262
036.7 115.0	19-4909BD-HY-250-1006-03671150-0800A-7	800	3.78	11.2	34.332
036.7 115.0	19-4909BD-HY-250-1006-03671150-0900A-7	900	3.58	6.4	34.387
036.7 115.0	19-4909BD-HY-250-1006-03671150-0930A-3	930	3.53	5.0	34.4
036.7 115.0	19-4909BD-HY-250-1006-03671150-1000A-7	1000	3.4	5.5	34.417
036.7 115.0	19-4909BD-HY-250-1006-03671150-1100A-7	1100	3.23	6.4	34.441
036.7 115.0	19-4909BD-HY-250-1006-03671150-1200A-7	1200	3.05	7.2	34.466
036.7 115.0	19-4909BD-HY-250-1006-03671150-1293A-3	1293	2.88	8.0	34.49
042.0 068.0	19-4910BD-HY-279-0412-04200680-0000B-3	0	16.0	101.5	32.69
042.0 068.0	19-4910BD-HY-279-0412-04200680-0010A-7	10	16.0	99.9	32.69
042.0 068.0	19-4910BD-HY-279-0412-04200680-0013A-3	13	15.96	99.3	32.69
042.0 068.0	19-4910BD-HY-279-0412-04200680-0020A-7	20	15.86	100.0	32.695
042.0 068.0	19-4910BD-HY-279-0412-04200680-0030A-7	30	15.55	101.1	32.712
042.0 068.0	19-4910BD-HY-279-0412-04200680-0033A-3	33	15.41	101.4	32.72
042.0 068.0	19-4910BD-HY-279-0412-04200680-0050A-7	50	13.78	96.8	32.823
042.0 068.0	19-4910BD-HY-279-0412-04200680-0068A-3	68	11.75	91.5	33.01
042.0 068.0	19-4910BD-HY-279-0412-04200680-0075A-7	75	11.11	87.4	33.088
042.0 068.0	19-4910BD-HY-279-0412-04200680-0100A-7	100	9.33	71.9	33.379
042.0 068.0	19-4910BD-HY-279-0412-04200680-0101A-3	101	9.28	71.2	33.39
042.0 068.0	19-4910BD-HY-279-0412-04200680-0125A-7	125	8.7	59.1	33.619
042.0 068.0	19-4910BD-HY-279-0412-04200680-0134A-3	134	8.61	54.9	33.69
042.0 068.0	19-4910BD-HY-279-0412-04200680-0150A-7	150	8.31	48.4	33.789
042.0 068.0	19-4910BD-HY-279-0412-04200680-0199A-3	199	7.47	32.4	34.0
042.0 068.0	19-4910BD-HY-279-0412-04200680-0200A-7	200	7.45	32.1	34.002
042.0 068.0	19-4910BD-HY-279-0412-04200680-0250A-7	250	6.75	20.7	34.101
042.0 068.0	19-4910BD-HY-279-0412-04200680-0300A-7	300	6.16	16.9	34.16
042.0 068.0	19-4910BD-HY-279-0412-04200680-0390A-3	390	5.42	13.2	34.16
042.0 068.0	19-4910BD-HY-279-0412-04200680-0400A-7	400	5.37	12.7	34.166
042.0 068.0	19-4910BD-HY-279-0412-04200680-0500A-7	500	4.97	8.4	34.216
042.0 068.0	19-4910BD-HY-279-0412-04200680-0509A-3	509	4.94	8.1	34.22
042.0 068.0	19-4910BD-HY-279-0412-04200680-0600A-7	600	4.58	7.8	34.257
042.0 068.0	19-4910BD-HY-279-0412-04200680-0700A-7	700	4.22	7.6	34.296
042.0 068.0	19-4910BD-HY-279-0412-04200680-0737A-3	737	4.09	7.4	34.31
042.0 068.0	19-4910BD-HY-279-0412-04200680-0800A-7	800	3.91	7.1	34.337
042.0 068.0	19-4910BD-HY-279-0412-04200680-0900A-7	900	3.66	6.5	34.382
042.0 068.0	19-4910BD-HY-279-0412-04200680-1000A-7	1000	3.45	6.1	34.427
042.0 068.0	19-4910BD-HY-279-0412-04200680-1029A-3	1029	3.4	5.9	34.44
042.0 068.0	19-4910BD-HY-279-0412-04200680-1208A-3	1208	3.08	5.5	34.41
041.0 077.0	19-4910BD-HY-279-1118-04100770-0000B-3	0	17.2	100.2	32.57
041.0 077.0	19-4910BD-HY-279-1118-04100770-0010A-3	10	17.21	99.5	32.59
041.0 077.0	19-4910BD-HY-279-1118-04100770-0020A-7	20	17.24	100.2	32.618
041.0 077.0	19-4910BD-HY-279-1118-04100770-0024A-3	24	17.25	100.4	32.63
041.0 077.0	19-4910BD-HY-279-1118-04100770-0030A-7	30	16.67	102.1	32.651
041.0 077.0	19-4910BD-HY-279-1118-04100770-0049A-3	49	14.08	105.5	32.74
041.0 077.0	19-4910BD-HY-279-1118-04100770-0050A-7	50	13.94	105.0	32.738
041.0 077.0	19-4910BD-HY-279-1118-04100770-0075A-7	75	10.85	95.7	32.831
041.0 077.0	19-4910BD-HY-279-1118-04100770-0098A-3	98	8.7	87.8	32.84
041.0 077.0	19-4910BD-HY-279-1118-04100770-0100A-7	100	8.68	87.0	32.874
041.0 077.0	19-4910BD-HY-279-1118-04100770-0125A-7	125	8.39	76.5	33.238
041.0 077.0	19-4910BD-HY-279-1118-04100770-0146A-3	146	8.15	65.7	33.46
041.0 077.0	19-4910BD-HY-279-1118-04100770-0150A-7	150	8.12	63.5	33.494
041.0 077.0	19-4910BD-HY-279-1118-04100770-0200A-7	200	7.71	40.9	33.833
041.0 077.0	19-4910BD-HY-279-1118-04100770-0250A-7	250	7.35	30.4	34.024
041.0 077.0	19-4910BD-HY-279-1118-04100770-0290A-3	290	7.09	26.9	34.07
041.0 077.0	19-4910BD-HY-279-1118-04100770-0300A-7	300	7.0	26.0	34.085
041.0 077.0	19-4910BD-HY-279-1118-04100770-0384A-3	384	6.23	20.9	34.16
041.0 077.0	19-4910BD-HY-279-1118-04100770-0400A-7	400	6.11	19.9	34.16
041.0 077.0	19-4910BD-HY-279-1118-04100770-0500A-7	500	5.45	13.9	34.16
041.0 077.0	19-4910BD-HY-279-1118-04100770-0600A-7	600	4.88	9.6	34.272
041.0 077.0	19-4910BD-HY-279-1118-04100770-0700A-7	700	4.42	7.9	34.306
041.0 077.0	19-4910BD-HY-279-1118-04100770-0800A-7	800	4.07	6.2	34.326
041.0 077.0	19-4910BD-HY-279-1118-04100770-0854A-3	854	3.93	5.3	34.33
041.0 077.0	19-4910BD-HY-279-1118-04100770-0900A-7	900	3.82	5.9	34.343
041.0 077.0	19-4910BD-HY-279-1118-04100770-1000A-7	1000	3.57	7.0	34.372
041.0 077.0	19-4910BD-HY-279-1118-04100770-1100A-7	1100	3.33	8.2	34.401
041.0 077.0	19-4910BD-HY-279-1118-04100770-1194A-3	1194	3.1	9.4	34.43
042.0 068.0	19-4911BD-HY-317-0630-04200680-0000B-3	0	14.89	85.5	32.74
042.0 068.0	19-4911BD-HY-317-0630-04200680-0010A-7	10	14.77	91.5	32.74
042.0 068.0	19-4911BD-HY-317-0630-04200680-0012A-3	12	14.75	92.6	32.74
042.0 068.0	19-4911BD-HY-317-0630-04200680-0020A-7	20	14.76	91.8	32.74
042.0 068.0	19-4911BD-HY-317-0630-04200680-0028A-3	28	14.76	91.1	32.74
042.0 068.0	19-4911BD-HY-317-0630-04200680-0030A-7	30	14.76	91.3	32.74
042.0 068.0	19-4911BD-HY-317-0630-04200680-0050A-7	50	14.73	94.0	32.74
042.0 068.0	19-4911BD-HY-317-0630-04200680-0054A-3	54	14.73	94.8	32.74
042.0 068.0	19-4911BD-HY-317-0630-04200680-0075A-7	75	13.47	94.6	32.781
042.0 068.0	19-4911BD-HY-317-0630-04200680-0082A-3	82	12.84	94.1	32.82
042.0 068.0	19-4911BD-HY-317-0630-04200680-0100A-7	100	10.73	84.0	33.046
042.0 068.0	19-4911BD-HY-317-0630-04200680-0108A-3	108	9.81	79.0	33.17
042.0 068.0	19-4911BD-HY-317-0630-04200680-0125A-7	125	8.86	73.4	33.308
042.0 068.0	19-4911BD-HY-317-0630-04200680-0150A-7	150	8.09	66.0	33.462
042.0 068.0	19-4911BD-HY-317-0630-04200680-0162A-3	162	8.0	62.8	33.51
042.0 068.0	19-4911BD-HY-317-0630-04200680-0200A-7	200	7.41	44.0	33.84
042.0 068.0	19-4911BD-HY-317-0630-04200680-0214A-3	214	7.27	37.2	33.95
042.0 068.0	19-4911BD-HY-317-0630-04200680-0250A-7	250	6.85	32.5	33.976
042.0 068.0	19-4911BD-HY-317-0630-04200680-0300A-7	300	6.33	25.9	34.027
042.0 068.0	19-4911BD-HY-317-0630-04200680-0318A-3	318	6.16	23.6	34.05
042.0 068.0	19-4911BD-HY-317-0630-04200680-0400A-7	400	5.45	17.1	34.099
042.0 068.0	19-4911BD-HY-317-0630-04200680-0420A-3	420	5.31	16.0	34.11
042.0 068.0	19-4911BD-HY-317-0630-04200680-0500A-7	500	4.95	10.9	34.174
042.0 068.0	19-4911BD-HY-317-0630-04200680-0600A-7	600	4.65	6.3	34.253
042.0 068.0	19-4911BD-HY-317-0630-04200680-0622A-3	622	4.61	5.6	34.27
042.0 068.0	19-4911BD-HY-317-0630-04200680-0700A-7	700	4.34	6.1	34.32
042.0 068.0	19-4911BD-HY-317-0630-04200680-0800A-7	800	4.03	6.6	34.375
042.0 068.0	19-4911BD-HY-317-0630-04200680-0900A-7	900	3.74	7.2	34.421
042.0 068.0	19-4911BD-HY-317-0630-04200680-0923A-3	923	3.68	7.3	34.43
042.0 068.0	19-4911BD-HY-317-0630-04200680-1000A-7	1000	3.54	7.2	34.448
042.0 068.0	19-4911BD-HY-317-0630-04200680-1100A-7	1100	3.37	6.9	34.473
042.0 068.0	19-4911BD-HY-317-0630-04200680-1200A-7	1200	3.19	6.6	34.498
042.0 068.0	19-4911BD-HY-317-0630-04200680-1249A-3	1249	3.1	6.4	34.51
041.0 077.0	19-4911BD-HY-317-1342-04100770-0000B-3	0	14.35	96.1	32.95
041.0 077.0	19-4911BD-HY-317-1342-04100770-0010A-3	10	14.23	88.4	32.95
041.0 077.0	19-4911BD-HY-317-1342-04100770-0020A-7	20	14.22	91.9	32.95
041.0 077.0	19-4911BD-HY-317-1342-04100770-0024A-3	24	14.22	94.5	32.95
041.0 077.0	19-4911BD-HY-317-1342-04100770-0030A-7	30	13.87	94.2	32.964
041.0 077.0	19-4911BD-HY-317-1342-04100770-0048A-3	48	12.34	92.0	33.01
041.0 077.0	19-4911BD-HY-317-1342-04100770-0050A-7	50	12.13	91.5	33.01
041.0 077.0	19-4911BD-HY-317-1342-04100770-0072A-3	72	10.16	83.9	33.01
041.0 077.0	19-4911BD-HY-317-1342-04100770-0075A-7	75	10.05	82.8	33.043
041.0 077.0	19-4911BD-HY-317-1342-04100770-0096A-3	96	9.68	74.1	33.31
041.0 077.0	19-4911BD-HY-317-1342-04100770-0100A-7	100	9.63	72.5	33.342
041.0 077.0	19-4911BD-HY-317-1342-04100770-0125A-7	125	9.32	62.8	33.511
041.0 077.0	19-4911BD-HY-317-1342-04100770-0143A-3	143	9.08	56.1	33.6
041.0 077.0	19-4911BD-HY-317-1342-04100770-0150A-7	150	8.9	53.3	33.653
041.0 077.0	19-4911BD-HY-317-1342-04100770-0190A-3	190	7.82	39.5	33.93
041.0 077.0	19-4911BD-HY-317-1342-04100770-0200A-7	200	7.67	37.6	33.929
041.0 077.0	19-4911BD-HY-317-1342-04100770-0250A-7	250	7.1	30.6	33.962
041.0 077.0	19-4911BD-HY-317-1342-04100770-0284A-3	284	6.9	28.3	34.02
041.0 077.0	19-4911BD-HY-317-1342-04100770-0300A-7	300	6.77	26.3	34.032
041.0 077.0	19-4911BD-HY-317-1342-04100770-0379A-3	379	6.19	17.9	34.08
041.0 077.0	19-4911BD-HY-317-1342-04100770-0400A-7	400	6.04	16.4	34.089
041.0 077.0	19-4911BD-HY-317-1342-04100770-0500A-7	500	5.39	11.2	34.128
041.0 077.0	19-4911BD-HY-317-1342-04100770-0563A-3	563	5.02	9.4	34.15
041.0 077.0	19-4911BD-HY-317-1342-04100770-0600A-7	600	4.92	8.8	34.168
041.0 077.0	19-4911BD-HY-317-1342-04100770-0700A-7	700	4.63	7.4	34.218
041.0 077.0	19-4911BD-HY-317-1342-04100770-0800A-7	800	4.35	5.9	34.269
041.0 077.0	19-4911BD-HY-317-1342-04100770-0843A-3	843	4.93	5.5	34.33
041.0 077.0	19-4911BD-HY-317-1342-04100770-0900A-7	900	4.07	5.9	34.321
041.0 077.0	19-4911BD-HY-317-1342-04100770-1000A-7	1000	3.79	6.9	34.374
041.0 077.0	19-4911BD-HY-317-1342-04100770-1100A-7	1100	3.51	8.0	34.428
041.0 077.0	19-4911BD-HY-317-1342-04100770-1157A-3	1157	3.35	8.5	34.46
039.0 096.0	19-4911BD-HY-318-0506-03900960-0000B-3	0	14.77	99.1	32.47
039.0 096.0	19-4911BD-HY-318-0506-03900960-0010A-7	10	14.63	97.2	32.47
039.0 096.0	19-4911BD-HY-318-0506-03900960-0011A-3	11	14.62	97.0	32.47
039.0 096.0	19-4911BD-HY-318-0506-03900960-0020A-7	20	14.55	94.3	32.475
039.0 096.0	19-4911BD-HY-318-0506-03900960-0028A-3	28	14.44	92.1	32.48
039.0 096.0	19-4911BD-HY-318-0506-03900960-0030A-7	30	14.36	92.1	32.506
039.0 096.0	19-4911BD-HY-318-0506-03900960-0050A-7	50	13.57	93.0	32.923
039.0 096.0	19-4911BD-HY-318-0506-03900960-0054A-3	54	13.41	93.3	33.04
039.0 096.0	19-4911BD-HY-318-0506-03900960-0075A-7	75	9.37	90.0	32.811
039.0 096.0	19-4911BD-HY-318-0506-03900960-0081A-3	81	8.24	88.6	32.76
039.0 096.0	19-4911BD-HY-318-0506-03900960-0100A-7	100	7.84	85.4	32.939
039.0 096.0	19-4911BD-HY-318-0506-03900960-0108A-3	108	7.67	82.8	32.97
039.0 096.0	19-4911BD-HY-318-0506-03900960-0125A-7	125	7.8	76.2	33.157
039.0 096.0	19-4911BD-HY-318-0506-03900960-0150A-7	150	8.03	65.2	33.435
039.0 096.0	19-4911BD-HY-318-0506-03900960-0162A-3	162	8.16	59.3	33.57
039.0 096.0	19-4911BD-HY-318-0506-03900960-0200A-7	200	7.4	44.0	33.863
039.0 096.0	19-4911BD-HY-318-0506-03900960-0215A-3	215	7.01	38.9	33.95
039.0 096.0	19-4911BD-HY-318-0506-03900960-0250A-7	250	6.55	32.8	33.951
039.0 096.0	19-4911BD-HY-318-0506-03900960-0300A-7	300	6.08	27.7	33.986
039.0 096.0	19-4911BD-HY-318-0506-03900960-0319A-3	319	5.96	26.8	34.01
039.0 096.0	19-4911BD-HY-318-0506-03900960-0400A-7	400	5.37	17.5	34.073
039.0 096.0	19-4911BD-HY-318-0506-03900960-0422A-3	422	5.24	15.2	34.09
039.0 096.0	19-4911BD-HY-318-0506-03900960-0500A-7	500	4.86	10.5	34.135
039.0 096.0	19-4911BD-HY-318-0506-03900960-0600A-7	600	4.49	7.2	34.187
039.0 096.0	19-4911BD-HY-318-0506-03900960-0627A-3	627	4.41	6.8	34.2
039.0 096.0	19-4911BD-HY-318-0506-03900960-0700A-7	700	4.18	6.3	34.244
039.0 096.0	19-4911BD-HY-318-0506-03900960-0800A-7	800	3.9	5.6	34.304
039.0 096.0	19-4911BD-HY-318-0506-03900960-0900A-7	900	3.67	4.9	34.362
039.0 096.0	19-4911BD-HY-318-0506-03900960-0932A-3	932	3.6	4.7	34.38
039.0 096.0	19-4911BD-HY-318-0506-03900960-1000A-7	1000	3.48	5.8	34.409
039.0 096.0	19-4911BD-HY-318-0506-03900960-1100A-7	1100	3.31	7.3	34.451
039.0 096.0	19-4911BD-HY-318-0506-03900960-1200A-7	1200	3.14	8.8	34.494
039.0 096.0	19-4911BD-HY-318-0506-03900960-1261A-3	1261	3.04	9.8	34.52
036.7 115.0	19-4911BD-HY-318-2130-03671150-0000B-3	0	16.0	94.8	32.66
036.7 115.0	19-4911BD-HY-318-2130-03671150-0010A-7	10	15.8	96.3	32.66
036.7 115.0	19-4911BD-HY-318-2130-03671150-0011A-3	11	15.78	96.5	32.66
036.7 115.0	19-4911BD-HY-318-2130-03671150-0020A-7	20	15.73	96.7	32.66
036.7 115.0	19-4911BD-HY-318-2130-03671150-0028A-3	28	15.71	97.0	32.66
036.7 115.0	19-4911BD-HY-318-2130-03671150-0030A-7	30	15.69	97.0	32.665
036.7 115.0	19-4911BD-HY-318-2130-03671150-0050A-7	50	15.54	96.2	32.711
036.7 115.0	19-4911BD-HY-318-2130-03671150-0054A-3	54	15.51	96.0	32.72
036.7 115.0	19-4911BD-HY-318-2130-03671150-0075A-7	75	12.68	95.9	32.786
036.7 115.0	19-4911BD-HY-318-2130-03671150-0081A-3	81	11.76	95.0	32.83
036.7 115.0	19-4911BD-HY-318-2130-03671150-0100A-7	100	10.08	86.8	32.981
036.7 115.0	19-4911BD-HY-318-2130-03671150-0107A-3	107	9.64	83.4	33.04
036.7 115.0	19-4911BD-HY-318-2130-03671150-0125A-7	125	9.44	78.8	33.223
036.7 115.0	19-4911BD-HY-318-2130-03671150-0150A-7	150	9.17	71.2	33.373
036.7 115.0	19-4911BD-HY-318-2130-03671150-0160A-3	160	9.06	67.8	33.4
036.7 115.0	19-4911BD-HY-318-2130-03671150-0200A-7	200	8.44	46.4	33.748
036.7 115.0	19-4911BD-HY-318-2130-03671150-0214A-3	214	8.21	39.2	33.86
036.7 115.0	19-4911BD-HY-318-2130-03671150-0250A-7	250	7.75	36.8	33.975
036.7 115.0	19-4911BD-HY-318-2130-03671150-0300A-7	300	7.17	33.5	33.996
036.7 115.0	19-4911BD-HY-318-2130-03671150-0315A-3	315	7.02	32.5	34.02
036.7 115.0	19-4911BD-HY-318-2130-03671150-0400A-7	400	6.15	21.2	34.081
036.7 115.0	19-4911BD-HY-318-2130-03671150-0417A-3	417	5.99	18.9	34.09
036.7 115.0	19-4911BD-HY-318-2130-03671150-0500A-7	500	5.42	13.6	34.15
036.7 115.0	19-4911BD-HY-318-2130-03671150-0600A-7	600	4.92	10.1	34.218
036.7 115.0	19-4911BD-HY-318-2130-03671150-0620A-3	620	4.84	9.8	34.23
036.7 115.0	19-4911BD-HY-318-2130-03671150-0700A-7	700	4.54	7.6	34.273
036.7 115.0	19-4911BD-HY-318-2130-03671150-0800A-7	800	4.21	5.8	34.321
036.7 115.0	19-4911BD-HY-318-2130-03671150-0900A-7	900	3.96	4.8	34.362
036.7 115.0	19-4911BD-HY-318-2130-03671150-0921A-3	921	3.91	4.8	34.37
036.7 115.0	19-4911BD-HY-318-2130-03671150-1000A-7	1000	3.73	5.4	34.401
036.7 115.0	19-4911BD-HY-318-2130-03671150-1100A-7	1100	3.51	6.4	34.44
036.7 115.0	19-4911BD-HY-318-2130-03671150-1200A-7	1200	3.29	7.3	34.481
036.7 115.0	19-4911BD-HY-318-2130-03671150-1247A-3	1247	3.18	7.6	34.5
